text,category
what are your working hours,General
can I talk to an agent,General
error while updating profile,Technical
system shows error code 500,Technical
subscription renewal issue,Billing
stop auto renewal,Billing
payment page not loading,Technical
card declined but money deducted,Billing
two factor authentication failed,Technical
what are your working hours,General
website is very slow today,Technical
unable to login to my account,Technical
need payment receipt,Billing
how long is delivery time,General
how to delete my account,General
what features are available,General
unable to login to my account,Technical
stop auto renewal,Billing
how to subscribe newsletter,General
failed transaction but money cut,Billing
two factor authentication failed,Technical
do you support international users,General
password change not working,Technical
do you provide support on sunday,General
how to contact customer care,General
website is very slow today,Technical
how to contact customer care,General
screen is frozen,Technical
add new payment method,Billing
do you support international users,General
card declined but money deducted,Billing
do you provide training,General
emi option not visible,Billing
unable to login to my account,Technical
unable to upload documents,Technical
payment history not showing,Billing
payment history not showing,Billing
tax amount too high,Billing
want to cancel subscription,Billing
can I talk to an agent,General
cannot access dashboard,Technical
password change not working,Technical
is there student discount,General
how to delete my account,General
unable to login to my account,Technical
OTP not receiving,Technical
is there student discount,General
subscription renewal issue,Billing
billing cycle confusion,Billing
video is not loading,Technical
payment history not showing,Billing
how to change billing address,Billing
please update my payment method,Billing
payment history not showing,Billing
auto debit failed,Billing
stop auto renewal,Billing
can I get a demo,General
where is your office located,General
how long is delivery time,General
guide me to use this platform,General
proceed to refund immediately,Billing
extra amount deducted,Billing
how to contact customer care,General
what languages supported,General
how to change billing address,Billing
system shows error code 500,Technical
coupon code not working,Billing
what languages supported,General
unable to upload documents,Technical
wallet balance not updated,Billing
wallet balance not updated,Billing
password change not working,Technical
is there student discount,General
can I change my username,General
OTP not receiving,Technical
payment history not showing,Billing
auto debit failed,Billing
charged twice for same order,Billing
video is not loading,Technical
how to delete my account,General
my internet is not working,Technical
explain your refund policy,General
unable to login to my account,Technical
do you have mobile app,General
mobile app not opening,Technical
two factor authentication failed,Technical
extra amount deducted,Billing
do you have whatsapp support,General
need invoice for last month,Billing
microphone not detected,Technical
how to track my order,General
payment page not loading,Technical
how to refer a friend,General
how to contact customer care,General
refund not received yet,Billing
refund not received yet,Billing
mobile app not opening,Technical
system shows error code 500,Technical
how to raise a complaint,General
camera not working in app,Technical
how to create new account,General
getting unknown technical error,Technical
downgrade my current plan,Billing
guide me to use this platform,General
tax amount too high,Billing
wifi disconnects frequently,Technical
billing amount is incorrect,Billing
need invoice for last month,Billing
OTP not receiving,Technical
failed transaction but money cut,Billing
browser compatibility issue,Technical
unable to generate report,Technical
need GST bill copy,Billing
how to give feedback,General
do you provide training,General
how to subscribe newsletter,General
browser compatibility issue,Technical
browser compatibility issue,Technical
need refund for cancelled order,Billing
do you have whatsapp support,General
proceed to refund immediately,Billing
what is your privacy policy,General
how to track my order,General
subscription renewal issue,Billing
downgrade my current plan,Billing
do you support international users,General
email not syncing,Technical
how to contact customer care,General
how to give feedback,General
what languages supported,General
is guest login available,General
explain your refund policy,General
wifi disconnects frequently,Technical
want to cancel subscription,Billing
wifi disconnects frequently,Technical
how to refer a friend,General
how secure is this platform,General
subscription renewal issue,Billing
downgrade my current plan,Billing
app keeps crashing on startup,Technical
camera not working in app,Technical
payment page not loading,Technical
is there student discount,General
data not syncing across devices,Technical
my internet is not working,Technical
do you provide training,General
can I get a demo,General
is there student discount,General
email not syncing,Technical
can I get a demo,General
do you provide training,General
notification not coming,Technical
where is your office located,General
need payment receipt,Billing
guide me to use this platform,General
tell me about your services,General
camera not working in app,Technical
video is not loading,Technical
please update my payment method,Billing
how to track my order,General
printer not connecting to network,Technical
need refund for cancelled order,Billing
error while updating profile,Technical
discount not applied,Billing
card declined but money deducted,Billing
file download is not starting,Technical
what languages supported,General
tell me about your services,General
can I get a demo,General
how to give feedback,General
unable to upload documents,Technical
extra amount deducted,Billing
website is very slow today,Technical
tell me about your services,General
wallet balance not updated,Billing
password change not working,Technical
email not syncing,Technical
notification not coming,Technical
what are your working hours,General
guide me to use this platform,General
payment page not loading,Technical
how to track my order,General
refund not received yet,Billing
OTP not receiving,Technical
how to raise a complaint,General
password change not working,Technical
what documents are required,General
how secure is this platform,General
printer not connecting to network,Technical
want to upgrade plan,Billing
how long is delivery time,General
unable to login to my account,Technical
need payment receipt,Billing
downgrade my current plan,Billing
how long is delivery time,General
how to give feedback,General
software installation failed,Technical
what are your working hours,General
unable to login to my account,Technical
need refund for cancelled order,Billing
failed transaction but money cut,Billing
payment history not showing,Billing
is there any offer going on,General
notification not coming,Technical
unable to generate report,Technical
system shows error code 500,Technical
is there student discount,General
do you provide support on sunday,General
auto debit failed,Billing
camera not working in app,Technical
two factor authentication failed,Technical
how long is delivery time,General
proceed to refund immediately,Billing
what features are available,General
emi option not visible,Billing
mobile app not opening,Technical
email not syncing,Technical
browser compatibility issue,Technical
auto debit failed,Billing
do you provide training,General
is there student discount,General
can I get a demo,General
charged twice for same order,Billing
proceed to refund immediately,Billing
how secure is this platform,General
browser compatibility issue,Technical
getting unknown technical error,Technical
do you provide support on sunday,General
remove saved card,Billing
guide me to use this platform,General
screen is frozen,Technical
wifi disconnects frequently,Technical
subscription renewal issue,Billing
notification not coming,Technical
want to cancel subscription,Billing
add new payment method,Billing
can I change my username,General
explain your refund policy,General
video is not loading,Technical
need GST bill copy,Billing
need proforma invoice,Billing
how to track my order,General
video is not loading,Technical
is there student discount,General
need GST bill copy,Billing
remove saved card,Billing
stop auto renewal,Billing
what is your privacy policy,General
coupon code not working,Billing
card declined but money deducted,Billing
dashboard shows blank page,Technical
guide me to use this platform,General
need refund for cancelled order,Billing
guide me to use this platform,General
tell me about your services,General
payment history not showing,Billing
failed transaction but money cut,Billing
auto debit failed,Billing
where is your office located,General
password change not working,Technical
system shows error code 500,Technical
payment history not showing,Billing
explain your refund policy,General
want to upgrade plan,Billing
subscription renewal issue,Billing
downgrade my current plan,Billing
mobile app not opening,Technical
billing cycle confusion,Billing
getting unknown technical error,Technical
camera not working in app,Technical
server not responding,Technical
server not responding,Technical
what languages supported,General
how to refer a friend,General
software installation failed,Technical
how to change billing address,Billing
card declined but money deducted,Billing
what is your privacy policy,General
tax amount too high,Billing
auto debit failed,Billing
subscription renewal issue,Billing
how to change billing address,Billing
password change not working,Technical
need invoice for last month,Billing
stop auto renewal,Billing
explain your refund policy,General
cannot reset my password,Technical
email not syncing,Technical
tell me about your services,General
is there any offer going on,General
emi option not visible,Billing
how long is delivery time,General
stop auto renewal,Billing
failed transaction but money cut,Billing
payment page not loading,Technical
how to change billing address,Billing
discount not applied,Billing
tell me about your services,General
do you provide training,General
proceed to refund immediately,Billing
do you provide support on sunday,General
wallet balance not updated,Billing
screen is frozen,Technical
how secure is this platform,General
unable to generate report,Technical
want to upgrade plan,Billing
what is your privacy policy,General
payment history not showing,Billing
dashboard shows blank page,Technical
add new payment method,Billing
how to give feedback,General
microphone not detected,Technical
do you provide support on sunday,General
unable to generate report,Technical
late fee wrongly added,Billing
screen is frozen,Technical
do you have mobile app,General
screen is frozen,Technical
email not syncing,Technical
camera not working in app,Technical
notification not coming,Technical
do you have whatsapp support,General
coupon code not working,Billing
need GST bill copy,Billing
can I talk to an agent,General
error while updating profile,Technical
what features are available,General
please update my payment method,Billing
is there any offer going on,General
can I change my username,General
card declined but money deducted,Billing
what languages supported,General
what documents are required,General
video is not loading,Technical
how long is delivery time,General
password change not working,Technical
how to create new account,General
how to track my order,General
explain your refund policy,General
cannot reset my password,Technical
auto debit failed,Billing
file download is not starting,Technical
do you provide training,General
dashboard shows blank page,Technical
tell me about your services,General
need payment receipt,Billing
file download is not starting,Technical
password change not working,Technical
mobile app not opening,Technical
emi option not visible,Billing
charged twice for same order,Billing
auto debit failed,Billing
printer not connecting to network,Technical
auto debit failed,Billing
do you provide training,General
app keeps crashing on startup,Technical
coupon code not working,Billing
website is very slow today,Technical
want to cancel subscription,Billing
printer not connecting to network,Technical
where is your office located,General
data not syncing across devices,Technical
what languages supported,General
how long is delivery time,General
emi option not visible,Billing
late fee wrongly added,Billing
printer not connecting to network,Technical
cannot access dashboard,Technical
server not responding,Technical
need invoice for last month,Billing
need invoice for last month,Billing
dashboard shows blank page,Technical
how to track my order,General
need payment receipt,Billing
wifi disconnects frequently,Technical
payment history not showing,Billing
microphone not detected,Technical
unable to generate report,Technical
tax amount too high,Billing
how to refer a friend,General
billing cycle confusion,Billing
how to track my order,General
do you have whatsapp support,General
video is not loading,Technical
explain your refund policy,General
how to delete my account,General
OTP not receiving,Technical
do you have mobile app,General
need payment receipt,Billing
add new payment method,Billing
auto debit failed,Billing
proceed to refund immediately,Billing
is guest login available,General
want to cancel subscription,Billing
do you have mobile app,General
server not responding,Technical
unable to login to my account,Technical
wallet balance not updated,Billing
can I get a demo,General
email not syncing,Technical
what features are available,General
how to raise a complaint,General
is guest login available,General
need invoice for last month,Billing
printer not connecting to network,Technical
browser compatibility issue,Technical
how to change billing address,Billing
want to upgrade plan,Billing
explain your refund policy,General
file download is not starting,Technical
do you support international users,General
charged twice for same order,Billing
file download is not starting,Technical
how to delete my account,General
dashboard shows blank page,Technical
two factor authentication failed,Technical
where is your office located,General
microphone not detected,Technical
need proforma invoice,Billing
server not responding,Technical
my internet is not working,Technical
screen is frozen,Technical
my internet is not working,Technical
refund not received yet,Billing
need payment receipt,Billing
browser compatibility issue,Technical
please update my payment method,Billing
what features are available,General
two factor authentication failed,Technical
need invoice for last month,Billing
how to track my order,General
cannot access dashboard,Technical
can I talk to an agent,General
payment page not loading,Technical
billing cycle confusion,Billing
is there student discount,General
billing amount is incorrect,Billing
server not responding,Technical
how long is delivery time,General
charged twice for same order,Billing
cannot access dashboard,Technical
how to raise a complaint,General
want to cancel subscription,Billing
notification not coming,Technical
can I talk to an agent,General
tax amount too high,Billing
payment page not loading,Technical
can I get a demo,General
system shows error code 500,Technical
mobile app not opening,Technical
microphone not detected,Technical
do you provide support on sunday,General
do you have mobile app,General
do you provide support on sunday,General
can I talk to an agent,General
notification not coming,Technical
emi option not visible,Billing
can I change my username,General
refund not received yet,Billing
camera not working in app,Technical
do you provide training,General
coupon code not working,Billing
camera not working in app,Technical
how to change billing address,Billing
how to give feedback,General
billing amount is incorrect,Billing
software installation failed,Technical
can I change my username,General
can I change my username,General
cannot access dashboard,Technical
software installation failed,Technical
tell me about your services,General
my internet is not working,Technical
unable to upload documents,Technical
stop auto renewal,Billing
refund not received yet,Billing
emi option not visible,Billing
remove saved card,Billing
billing amount is incorrect,Billing
how to change billing address,Billing
camera not working in app,Technical
card declined but money deducted,Billing
need proforma invoice,Billing
two factor authentication failed,Technical
what features are available,General
proceed to refund immediately,Billing
is there any offer going on,General
extra amount deducted,Billing
microphone not detected,Technical
how to subscribe newsletter,General
do you have whatsapp support,General
unable to generate report,Technical
want to cancel subscription,Billing
is there any offer going on,General
cannot reset my password,Technical
microphone not detected,Technical
billing cycle confusion,Billing
charged twice for same order,Billing
app keeps crashing on startup,Technical
payment history not showing,Billing
how to create new account,General
how to change billing address,Billing
how to subscribe newsletter,General
cannot reset my password,Technical
card declined but money deducted,Billing
want to cancel subscription,Billing
two factor authentication failed,Technical
how to track my order,General
add new payment method,Billing
how secure is this platform,General
what languages supported,General
extra amount deducted,Billing
refund not received yet,Billing
stop auto renewal,Billing
what documents are required,General
card declined but money deducted,Billing
do you have whatsapp support,General
where is your office located,General
server not responding,Technical
how to raise a complaint,General
unable to upload documents,Technical
coupon code not working,Billing
how to give feedback,General
how to give feedback,General
coupon code not working,Billing
wifi disconnects frequently,Technical
unable to generate report,Technical
how to delete my account,General
can I change my username,General
what are your working hours,General
want to cancel subscription,Billing
email not syncing,Technical
data not syncing across devices,Technical
please update my payment method,Billing
emi option not visible,Billing
emi option not visible,Billing
how to create new account,General
app keeps crashing on startup,Technical
payment page not loading,Technical
need proforma invoice,Billing
do you support international users,General
server not responding,Technical
video is not loading,Technical
need payment receipt,Billing
unable to login to my account,Technical
unable to login to my account,Technical
refund not received yet,Billing
charged twice for same order,Billing
wifi disconnects frequently,Technical
error while updating profile,Technical
need payment receipt,Billing
emi option not visible,Billing
camera not working in app,Technical
how to refer a friend,General
mobile app not opening,Technical
